{"cameraMode":{"drawMode":0,"name":"Shaded","section":"Shading Mode"},"sceneLighting":true,"audioPlay":false,"sceneViewState":{"showFog":true,"showMaterialUpdate":false,"showSkybox":true,"showFlares":true,"showImageEffects":true,"showParticleSystems":true},"in2DMode":false,"pivot":{"x":-3.1512603759765627,"y":-2.439633369445801,"z":22.410451889038087},"rotation":{"x":0.1560814380645752,"y":-0.16627632081508637,"z":0.026660986244678499,"w":0.9732927680015564},"size":31.993614196777345,"orthographic":false}