{"cameraMode":{"drawMode":0,"name":"Shaded","section":"Shading Mode"},"sceneLighting":true,"audioPlay":false,"sceneViewState":{"showFog":true,"showMaterialUpdate":false,"showSkybox":true,"showFlares":true,"showImageEffects":true,"showParticleSystems":true},"in2DMode":false,"pivot":{"x":-22.577306747436525,"y":-2.718973159790039,"z":-1.6585791110992432},"rotation":{"x":-0.11074983328580857,"y":0.734700620174408,"z":-0.12370450794696808,"w":-0.6577599048614502},"size":27.33717155456543,"orthographic":false}