{"cameraMode":{"drawMode":0,"name":"Shaded","section":"Shading Mode"},"sceneLighting":false,"audioPlay":false,"sceneViewState":{"showFog":true,"showMaterialUpdate":false,"showSkybox":true,"showFlares":true,"showImageEffects":true,"showParticleSystems":true},"in2DMode":false,"pivot":{"x":38.95105743408203,"y":-139.30670166015626,"z":-221.81735229492188},"rotation":{"x":0.014635632745921612,"y":0.9623364806175232,"z":-0.2663341164588928,"w":0.052883248776197436},"size":328.0994873046875,"orthographic":false}