{"cameraMode":{"drawMode":0,"name":"Shaded","section":"Shading Mode"},"sceneLighting":false,"audioPlay":false,"sceneViewState":{"showFog":true,"showMaterialUpdate":false,"showSkybox":false,"showFlares":true,"showImageEffects":true,"showParticleSystems":true},"in2DMode":false,"pivot":{"x":2.8749923706054689,"y":11.749966621398926,"z":48.50005340576172},"rotation":{"x":0.0005759182968176901,"y":-0.9994498491287231,"z":-0.02159327268600464,"w":-0.026381876319646837},"size":39.66887283325195,"orthographic":false}