{"cameraMode":{"drawMode":0,"name":"Shaded","section":"Shading Mode"},"sceneLighting":false,"audioPlay":false,"sceneViewState":{"showFog":true,"showMaterialUpdate":false,"showSkybox":true,"showFlares":true,"showImageEffects":true,"showParticleSystems":true},"in2DMode":false,"pivot":{"x":71.17686462402344,"y":-45.144474029541019,"z":-50.01651382446289},"rotation":{"x":-0.06952640414237976,"y":-0.9296954274177551,"z":0.23522228002548219,"w":-0.2747960686683655},"size":99.01374816894531,"orthographic":false}