{"cameraMode":{"drawMode":0,"name":"Shaded","section":"Shading Mode"},"sceneLighting":false,"audioPlay":false,"sceneViewState":{"showFog":true,"showMaterialUpdate":false,"showSkybox":false,"showFlares":true,"showImageEffects":true,"showParticleSystems":true},"in2DMode":false,"pivot":{"x":155.42803955078126,"y":-6.515625,"z":-134.03465270996095},"rotation":{"x":0.013049949891865254,"y":0.9860154986381531,"z":-0.13725221157073975,"w":0.093756303191185},"size":10.21385383605957,"orthographic":false}