{"cameraMode":{"drawMode":0,"name":"Shaded","section":"Shading Mode"},"sceneLighting":true,"audioPlay":false,"sceneViewState":{"showFog":true,"showMaterialUpdate":false,"showSkybox":true,"showFlares":true,"showImageEffects":true,"showParticleSystems":true},"in2DMode":false,"pivot":{"x":-230.3871307373047,"y":-0.29388993978500368,"z":121.22427368164063},"rotation":{"x":0.008819756098091603,"y":0.9911795854568481,"z":-0.09425579011440277,"w":0.09274723380804062},"size":37.45309829711914,"orthographic":false}