{"cameraMode":{"drawMode":0,"name":"Shaded","section":"Shading Mode"},"sceneLighting":true,"audioPlay":false,"sceneViewState":{"showFog":true,"showMaterialUpdate":false,"showSkybox":false,"showFlares":true,"showImageEffects":true,"showParticleSystems":true},"in2DMode":false,"pivot":{"x":-235.71286010742188,"y":9.0244140625,"z":86.61273193359375},"rotation":{"x":-0.018471259623765947,"y":-0.9788090586662293,"z":0.10255877673625946,"w":-0.17629751563072205},"size":4.370574951171875,"orthographic":false}