{"cameraMode":{"drawMode":0,"name":"Shaded","section":"Shading Mode"},"sceneLighting":true,"audioPlay":false,"sceneViewState":{"showFog":true,"showMaterialUpdate":false,"showSkybox":true,"showFlares":true,"showImageEffects":true,"showParticleSystems":true},"in2DMode":false,"pivot":{"x":-235.2592315673828,"y":1.6843719482421876,"z":34.83466339111328},"rotation":{"x":-0.09343304485082627,"y":-0.906385600566864,"z":0.30076736211776736,"w":-0.28157398104667666},"size":12.994376182556153,"orthographic":false}