{"cameraMode":{"drawMode":0,"name":"Shaded","section":"Shading Mode"},"sceneLighting":true,"audioPlay":false,"sceneViewState":{"showFog":true,"showMaterialUpdate":false,"showSkybox":false,"showFlares":true,"showImageEffects":true,"showParticleSystems":true},"in2DMode":false,"pivot":{"x":-236.5015411376953,"y":9.127280235290528,"z":86.38145446777344},"rotation":{"x":-0.007575119845569134,"y":-0.9923756122589111,"z":0.09195548295974732,"w":-0.08176106214523316},"size":4.370574951171875,"orthographic":false}